{"cameraMode":{"drawMode":0,"name":"Shaded","section":"Shading Mode"},"sceneLighting":true,"audioPlay":false,"sceneViewState":{"showFog":true,"showMaterialUpdate":true,"showSkybox":true,"showFlares":true,"showImageEffects":true,"showParticleSystems":true},"in2DMode":false,"pivot":{"x":-4.360433101654053,"y":-26.23651123046875,"z":308.2116394042969},"rotation":{"x":0.06322378665208817,"y":0.03740996494889259,"z":-0.0023730783723294737,"w":0.9973075985908508},"size":248.35838317871095,"orthographic":false}